eta_h,nRuns,lineAvailability_mean,lineAvailability_stddev,lineAvailability_ci95_low,lineAvailability_ci95_high,unplannedDowntimeCount_mean,rippleEffectMinutes_mean,maintenanceCost_mean,predictionLeadTimeHours_mean
100,50,1.000000,0.000000,1.000000,1.000000,0.00,0.00,12052.45,0.0000
150,50,1.000000,0.000000,1.000000,1.000000,0.00,0.00,5302.30,0.0000
200,50,1.000000,0.000000,1.000000,1.000000,0.00,0.00,2135.00,0.0000
280,50,1.000000,0.000000,1.000000,1.000000,0.00,0.00,1102.02,0.0000
