metric,baseline_mean,baseline_stddev,baseline_cv,optimized_mean,optimized_stddev,optimized_cv
lineAvailability,0.999935,0.000257,0.000257,1.000000,0.000000,0.000000
unplannedDowntimeCount,0.326000,1.281939,3.932328,0.000000,0.000000,0.000000
avgCycleMinutes,63.929361,0.962550,0.015056,63.901929,0.968978,0.015164
changeoverEventCount,143.061000,17.091501,0.119470,142.461000,17.063283,0.119775
wipPeak,101.192000,15.218697,0.150394,100.456000,15.180794,0.151119
rippleEffectMinutes,2.953983,14.476204,4.900571,0.000000,0.000000,0.000000
predictionLeadTimeHours,9.769755,17.573165,1.798731,10.955378,18.797453,1.715820
